id_film_name,id_title_language,id_alt_title,id_film_date,id_film_director,id_film_lenght,id_film_countries,id_film_tmdb,id_film_synopsis,id_film_tags,id_link,id_link_source,id_film_img
ヨウ ズイカン,japanese,Goodbye Waves,2025,Ruihan Yang,8 min30,Japan ; China,,"Au bord de l’eau, une femme
attend une personne.","animation traditionnelle et
digitale, fusain sur papier",https://www.instagram.com/singto8626/,,goodbyewaves.png
Jeux-Pluriels,,,2009,Nicolaï Troshinsky,5 min,France,,"Faux documentaire qui
mélange de la prise de vue
réelle et de l’animation.
Portrait de Luigi Finisera,
un homme qui a passé plus de
vingt ans à fabriquer des
jeux de société injouables.","prise de vue continue et
pixilation",https://www.troshinsky.com/index.html,,jeuxpluriels.png
Nutag Homeland,,,2016,Alisi Telengut,5 min,,,"Poème visuel, requiem
surréaliste dédié au peuple
Kalmouk qui fut déporté
en masse par l’URSS entre
1945-1957","pastels gras, minéraux et
végétaux",https://alisitelengut.com/,,nutaghomeland.png
La Reine et la Statue,,,2025,Mathilde Oudit,12min,Belgique,,"Sur une planète volcanique,
une reine ayant perdu son
bien-aimé ressuscite par
erreur la statue du roi. Une
histoire d’amour impossible
commence.","papier découpé digital et
animation traditionnelle",https://www.instagram.com/mathildeoudit/,,lareineetlastatue.png
"Utsukushiki
Tennen",,,2017,Romane Granger,2 min,France,,"Un champs de fleurs est en
constante refloraison. Elle
est interrompue par une
éruption d’une montagne
qui place le film dans
une troisième dimension
au rythme de Utsukushiki
Tennen par Yasuaki Shimizu.",pâte à modeler,https://www.instagram.com/romane.granger/,,utsukushikitennen.png
Tête de Linotte,,,2024,Paul Charff,6 min,France,,"Colin est un élève distrait, il s'évade dans ses pensées pendant le cours de mathématiques, s'imaginant des personnages amusants autour desquels il se sent mieux. Alors qu'il est appelé au tableau, il reste bloqué dans son rêve. L'un de ses amis imaginaires jaillit d'une larme et le guide à travers les merveilles du monde du ""dehors"". Il lui montre toute sa beauté et tous les détails fascinants qui s'y trouvent. Cela donne à Colin la force et l'espoir nécessaires pour retrouver ses esprits.","animation 2D digitale, décors au crayon de papier",https://www.instagram.com/p_charff/,,tetedelinotte.png
Yadokari,,,2011,Ryo Inoue,2 min,Japan,,"Après Vendredi, prends les
montagnes-russes du weekend
!",animation 2D digitale,https://tanoshimida.com/,,yadokari.png