id_film_name,id_title_language,id_alt_title,id_film_date,id_film_director,id_film_lenght,id_film_countries,id_film_tmdb,id_film_synopsis,id_film_tags,id_link,id_link_source,id_film_img,id_upload_date
1812,english,,1972,Sandor_Reisenbüchler,11,Hungary,,Tchaikovsky's musical composition immortalizes the memory of the victory won over Napoleon.,,https://ok.ru/video/6431770806867,ok.ru,https://nfi.hu/files/slide/image/12573/fe_896_504_1812-es%20ev.jpg,2026/09/30
2012,no,,2018,Inga_Waste,6,US,750900,Two internet lovers meet up for the first time.,celluloïd,https://youtu.be/5Y1Jcs1zHH4?si=OfqCG84NhDTzzSEG,youtube,https://admin.itsnicethat.com/images/xs9PWa5JYqw0xcr5mxOfF7Gie8c=/155046/format-webp%7Cwidth-2880/5bf408187fa44cb3040004b9.png,2026/09/30
A Présent - Jonathan Personne,french,,2022,Mathieu_Larone ; Henry_McClellan,5,Australia,,,clip ; loops,https://vimeo.com/737566297?fl=pl&fe=ti,vimeo,https://i.ytimg.com/vi/rbqvdWNE9hU/maxresdefault.jpg,2026/09/30
Acid Green,english,,2023,Exyl,8,US,,A person brushes the teeth of a dog and turns into a bus,,https://vimeo.com/824925919?fl=pl&fe=sh,vimeo,https://freight.cargo.site/w/1500/q/75/i/N2454933750610613037837178036288/ACID-GREEN_STILL-10.png,2026/09/30
Among the black waves,english,,2016,Anna_Budanova,11,Russia,,"When a hunter captures a seal-woman's skin, she cannot return to the sea.",on-paper ; animated-paint,https://vimeo.com/160769658?share=copy&fl=cl&fe=ci,vimeo,https://www.lesuricate.org/wp-content/uploads/2017/03/among-the-black-waves.jpg,2026/09/30
Archanděl Gabriel a Paní Husa,czech,Archangel Gabriel and Mistress Goose,1964,Jiri_Trinka,30,Czechoslovakia,,"Taken from Boccaccio’s Decameron, this lovely puppet film tells the bawdy story of the beautiful young Venetian lady who confesses her sinful passion for the Archangel Gabriel to a lustful monk, who promptly impersonates him in her bedroom with predictable results. Amidst the film’s ribaldry, the hypocrisy and false piety of the monk are mercilessly mocked.",stop-motion,https://www.youtube.com/watch?v=eFEqxKsmRdQ&t=720s,youtube,https://harvardfilmarchive.org/public/upload/events/thumb/5fb597a5cff29.jpg?1605736358,2026/09/30
Assault Reflex,english,,1998,Edwin_Rostron,2,UK,,,16mm ; collage ; on-paper ; analog,https://vimeo.com/8332838,vimeo,https://i.vimeocdn.com/video/38564580-afbfb233e8396c43e7602b78feba1f57585651a28ce81bec6d8f5ba5ad6d3f62-d_960?region=us_1280,2026/09/30
Astigmatismo,,,2013,Nicolai_Troshinsky,4,Spain,,"A boy, having lost his glasses, can only see one thing in focus at a time. His sight gets attracted by the sounds that surround him. He will have to explore a blurry world of unknown places and strange characters.",multiplane ; animated-paint ; paint-on-glass ; blur ; depth-of-field ;,https://vimeo.com/59618486,vimeo,https://www.troshinsky.com/assets/images/scene03-2-990x557.jpg,2026/09/30
Atomic Bomb - William Onyeabor,english,,2014,Nicolai_Troshinsky,3,,,,clip ; digital,https://vimeo.com/85977930?fl=pl&fe=ti,vimeo,https://www.troshinsky.com/assets/images/comp-1-0-01-33-06-1920x1080.jpg,2026/09/30
Au premier dimanche d'août ,french,,2000,Florence_Miailhe,11,France,,,paint-on-glass,https://vimeo.com/94211705,vimeo,https://www.cinematheque.fr/media/au-premier-dimanche-d-aout.jpg,2026/09/30
"Au revoir, bisou",french,,2024,Raphaël_Roth,4,France,,,on-paper,https://vimeo.com/905927499?fl=pl&fe=sh,vimeo,/database/filmsimg/aurevoirbisous.png,2026/09/30
Balada o zeleném dřevu,czech,A Ballad About Green Wood,1983,Jiří_Barta,11,Czechoslovakia,,Pieces of wood are captured by a crow and dance in celebration of spring in this animated short film.,stop-motion,https://www.youtube.com/watch?v=0fIvxfWezRU,youtube,https://m.media-amazon.com/images/M/MV5BOWY3ZDM0ZjktY2ZiYi00Y2NiLTk4ZjUtZTc2MTQ5ZmFjZjUwXkEyXkFqcGc@._V1_.jpg,2026/09/30
Beep beep,,,2020,Mihaela_Mîndru,3,France,,,student-film ; ensad ; documentary,https://vimeo.com/386040084,vimeo,https://i.ytimg.com/vi/WRH7GXPIu6A/maxresdefault.jpg,2026/09/30
Breaking Bread,english,,2020,Exyl,1,US,,,,https://vimeo.com/559983798?fl=pl&fe=sh,vimeo,https://freight.cargo.site/w/1080/q/75/i/W2454946491204895682739483107392/BREAKING-BREAD-STILL-2.jpg,2026/09/30
Bye-Bye Elida,english,,2022,Titouan_Bordeau,36,France,853488,"Bye-Bye Elida takes place in vast plains. We discover several groups of characters going about their respective activities. Some try to find food to survive, others build, travel or perform inexplicable rituals. The passing of time shows us that the actions of some, however positive or cruel, have an effect on the lives of others.",,https://vimeo.com/441580850,vimeo,https://alca-nouvelle-aquitaine.fr/sites/default/files/alca/styles/facebook_partage/public/ged/affiche_bye-bye_elida.jpg?itok=07JDhKzd,2026/09/30
C'est pas pareil qu'ici,french,,2024,Céleste_Le_Du,7,France,,,student-film ; ensad ; documentary ; on-paper ; charcoal,https://www.youtube.com/watch?v=wPnrEsRdFeY,youtube,/database/filmsimg/cestpaspareil.png,2026/09/30
"Câine, pâine și florile de mâine",romanian,"Dog, bread and the flowers from tomorrow",2022,Mihaela_Mîndru,6,France ; Moldova,,"Why do we have so many customs and rules to see our loved ones off in the afterlife? A child fascinated by the customs of a funeral in a Moldovan village forgets about the funeral. We follow the child’s imagination assimilating the folkloric traditions, trying to understand what is going on.",on-paper ; gouache ; documentary ; student-film ; ensad,https://vimeo.com/859680506,vimeo,https://i.vimeocdn.com/video/1717575692-a982cc167736c383c76392075440dd81e702d209c8f6bcbef30e2c3aa046f9a2-d?f=webp&region=us,2026/09/30
Cecelia & Her Selfhood,english,,2011,Maya_Merigeau,5,,,,clip,https://www.youtube.com/watch?v=XR-Kox34wgk,youtube,https://directorsnotes.com/wp-content/uploads/2011/09/Cecelia_02.jpg,2026/09/30
Celestial Navigation,english,,1984,Al_Jarnow,15,,,,stop-motion,archive.org/details/vts-01-2_20230215/Celestial+Navigations-+The+Short+Films+Of+Al+Jarnow/VIDEO_TS/VTS_01_4.VOB,internet archive,https://encrypted-tbn0.gstatic.com/images?q=tbn:ANd9GcR1ttLK6TvadVWE0giLrmb4IY8CSSNEu3TmjqWEZ03agXicbs9PQ_wCNtg&s=10,2026/09/30
Cockaboody,english,,1974,Faith_Hubley ; John_Hubley,8,US,,"John and Faith Hubley combined animation with the voices of their preschool daughters Georgia and Emily to make this award-winning short (New York Animation Festival), similar in concept to their earlier work “Moonbird”.",documentary,https://youtu.be/gFTzuOJRSDE?si=JGSqqzvpfA7PkpGB,youtube,https://resizing.flixster.com/RsY5I_FkOiixiWuP4qAfQbQ8eSM=/fit-in/705x460/v2/https://resizing.flixster.com/-XZAfHZM39UwaGJIFWKAE8fS0ak=/v3/t/assets/p21757734_i_h10_ab.jpg,2026/09/30
Conversations With A Koel Bird,english,,2022,Exyl,6,US,,"I am in Providence, RI. My brother is in Singapore. We talk about the koel bird in a diasporic no-man's land.",,https://vimeo.com/709977716?fl=pl&fe=sh,vimeo,https://freight.cargo.site/w/1500/q/75/i/I2454939702268120979486911422528/CWKB_STILL5.png,2026/09/30
Cupcake,english,,2017,Gina_Kamentsky,2,US,,"Jiro and his Friends are attending a birthday party, the Cupcake has other plans.",70mm ; analog,https://vimeo.com/210983557?fl=pl&fe=sh,vimeo,https://ginakamentsky.com/wp-content/uploads/2017/07/cupcakeStill_06.jpg,2026/09/30
Dinner's Ready,english,,2021,Exyl,3,US,,Why should I make dinner if we are both in love?,,https://vimeo.com/664017664?fl=pl&fe=sh,vimeo,https://freight.cargo.site/w/1500/q/75/i/C2454944840350428294250580336704/DINNER-S-READY_STILL-3.jpg,2026/09/30
Drag Therapy,english,,2020,Céleste_Vidal-Ayrinhac ; Clara_LePivain,5,France,,"This mini animated documentary shows a short interview of two clubkids who tell us their vision of Drag, seen as a transformation art, a therapeutic art and, above all, a political art.",documentary,https://vimeo.com/390175368?share=copy&fl=cl&fe=ci,vimeo,https://www.cineffable.fr/festivals/32efestival/Films32/img/Drag/DragTherapy.jpg,2026/09/30
Edith and the tall child,english,,2023,Kohana_Wilson,7,US ; Japan,1208380,"edith and the tall child' is a hand-drawn film about hair, dysphoria, and the growing pains of a repeating puberty.",on-paper ; black&white,https://vimeo.com/1104831431,vimeo,https://encrypted-tbn0.gstatic.com/images?q=tbn:ANd9GcTS5_WM9di-6wmiev7Y03rpdYSGeE92L83ZA5cUBe9umotzihx9rqmfcSE&s=10,2026/09/30
Egyptian Music - Magon,,,2021,Mihaela_Mîndru,3,,,,clip,https://youtu.be/_CIANlFqfXU?si=6O_Np5VM1XgvUwjI,youtube,https://img.youtube.com/vi/_CIANlFqfXU/maxresdefault.jpg,2026/09/30
Em ot od uoy tahw - ikkol,no,,2023,Mathieu_Larone ; Henry_McClellan,3,Australia,,,clip ; loops,https://www.youtube.com/watch?v=E29C0sL470o,youtube,https://img.youtube.com/vi/E29C0sL470o/0.jpg,2026/09/30
Entre Deux Soeurs,french,Two Sisters ,1990,Caroline_Leaf,10,Canada,,"A facially disfigured author’s life with her guardian of a sister is disrupted when a stranger arrives at their door, claiming to be a fan.",,https://youtu.be/1a0LzkKhgF8?si=4g2sf9jILpNNF1_W,youtube,https://encrypted-tbn0.gstatic.com/images?q=tbn:ANd9GcTp2HHTxSnem_1D_OCw5fVqIQ4MxhI28OpI41iX_2TdRDiR_1p2BIqVd3w&s=10,2026/09/30
Flora Linguis,,,2021,Daniela_Godel,6,France,,In the taxis they recognize us as the family of the languages.,student-film ; documentary ; ensad,https://vimeo.com/510197496?fl=pl&fe=sh,vimeo,https://i.vimeocdn.com/video/1057961275-a0ebefbcf9099b9184bd147d49624ff0fd656fcc31866f2b492131e0b5c7d909-d?f=webp&region=us,2026/09/30
Foot Print Shop,english,,2023,Gina_Kamentsky,4,US,,"“Pisces have big feet and big hands!” The filmmaker and her mom talk about feet, her mom does most of the talking. Experimental animated documentary.",documentary,https://vimeo.com/758744401?fl=pl&fe=vl,vimeo,https://ginakamentsky.com/wp-content/uploads/2023/10/footprint_still02-1200x600.jpg,2026/09/30
Gemini,english,,2024,Jamie_Griffiths,7,US,,"Sarah and her two cats go about their separate lives. The cats have strange dreams about their desires, and Sarah develops an unshakable paranoia that something is wrong with them. Sarah’s paranoia bleeds into her social life, and her two cats have their dreams come true.",on-paper ; student-film ; calarts,https://www.youtube.com/watch?v=V9msOIW9Q5o&t=1s,youtube,https://i.ytimg.com/vi/LRFbkorjysA/maxresdefault.jpg,2026/09/30
Genius Loci,english,,2020,Maya_Merigeau,16,France,663881,"One night, Reine, a young loner, sees within the urban chaos a mystical oneness that seems alive, like some sort of guide.",on-paper,https://vimeo.com/715848386,vimeo,https://www.cartoonbrew.com/wp-content/uploads/2021/04/genius_loci-1280x600.jpg,2026/09/30
Gina Kamentsky's Pinocchio in 70mm,english,,2024,Gina_Kamentsky,3,US,,"Pinocchio felt a longing deep within him. Someday, he would become a real girl and live a life beyond the confines of make-believe.",70mm ; film,https://vimeo.com/898199275?fl=pl&fe=vl,vimeo,https://i.vimeocdn.com/video/1966649664-76309f878596a4ed3a20fa7c3c14ac62c77ef087c0103f434879a4b103159d45-d?f=webp,2026/09/30
Gowing/Dying - The Backseat Lovers,english,,2022,Kohana_Wilson,3,US,,,on-paper ; clip,https://www.youtube.com/watch?v=qLgwCQKBcP8,youtube,https://images.squarespace-cdn.com/content/v1/6075e45b71e9e5401f92edcf/bf9ed5db-9364-4af4-a62b-ff9e6ff86a42/web_logo_v5.gif?format=750w,2026/09/30
Have Heaven - Florist,english,,2025,Kohana_Wilson,3,US,,,on-paper ; clip,https://youtu.be/8MeWtFPryyI?si=6A45_IN15F3ypW-L,youtube,https://images.squarespace-cdn.com/content/v1/6075e45b71e9e5401f92edcf/f57a6263-8b5f-436f-99bb-11c192c34166/giphy-53.gif,2026/09/30
He may never walk again - i-sef u-sef,english,,2022,Mathieu_Larone ; Henry_McClellan,3,Australia,,,clip ; loops ; black&white,https://vimeo.com/710741887?fl=pl&fe=ti,vimeo,https://encrypted-tbn0.gstatic.com/images?q=tbn:ANd9GcSoSIKSxFBfgEUdEHSG8DnGzv_AMEZ5r3SFrVcyiefPBg&s=10,2026/09/30
Hind,no,,2025,Stanley_Miller,7,UK ; Germany,,Hind Rajab and her family were murdered by the Israeli Occupation Forces on the 29th of January 2024. The UK is directly participating in the Israeli Genocide of Palestinians.,on-paper ; oil-pastel,https://www.youtube.com/watch?v=tHpKi4w05-g,youtube,https://storage.googleapis.com/labocine-188b4.appspot.com/film_submissions/images/695aa7072d8b8900156f79e4.1767548679,2026/09/30
Hoja (Feuilles),french,,2016,Vaiana_Gauthier ; Dante_Zaballa,1,,,,,https://vimeo.com/170442483,vimeo,https://encrypted-tbn0.gstatic.com/images?q=tbn:ANd9GcSZvNNyBVnKVHFwiYjGGt-ej1-scTiFCb_tTiPy7Hyv4A&s=10,2026/09/30
Hour after Hour - Magon,,,2021,Mihaela_Mîndru,3,,,,clip,https://vimeo.com/507199231?fl=pl&fe=sh,vimeo,https://i.vimeocdn.com/video/1049883420-370d3ac33089ef601e98966a82c397ceb640a909f4c243473cfd74e156286c36-d_1280?region=us_1280,2026/09/30
Idiot - Teen Suicide,english,,2026,Wyatt_Carson,3,UK,,,clip ; animated-paint,https://www.youtube.com/watch?v=Jr4QbEwo1Ug,youtube,https://encrypted-tbn0.gstatic.com/images?q=tbn:ANd9GcSGCro0yTt6BFAOJfrVjT1PD_HKJ_vcGLGfRpBjXDH1_w&s=10,2026/09/30
If you say something see something,english,,2015,Gina_Kamentsky,1,US,,Animated film drawn on found subtitled footage. Music “Funeral March of a Marionette” by Charles Gounod and performed by Ergo Phizmiz,,https://vimeo.com/138347144?fl=pl&fe=sh,vimeo,https://ginakamentsky.com/wp-content/uploads/2015/09/say.jpg,2026/09/30
Interview,english,,1979,Caroline_Leaf ; Veronika_Soul,13,Canada,,"A freewheeling cinematic experience, this film is the work of two filmmakers who relate their perceptions of each other through their respective animation techniques. Images and words are paired in startling associations. Each does a visual portrait of the other, based on characteristic gestures and impressions. A combination of techniques and materials produces a film of rich visual texture shaped by the hands and heads of two very different people.",animated-paint ; documentary,https://www.youtube.com/watch?v=onJh7-RDBaI,youtube,https://encrypted-tbn0.gstatic.com/images?q=tbn:ANd9GcQUsuwwLUcM2JPQduK6sjUdNpAauwNVyJdcHEQ0MPrgpg&s=10,2026/09/30
Is Looser An Emotion You Feel Too ? - The Femcels,english,,2026,Barney_Ogden,2,UK,,,clip ; on-paper ; mixed-media,https://youtu.be/2Qc9B8otA9k?si=F0-107M-kIwombaE,youtube,/database/filmsimg/islooseranemotionyoufeeltoo.png,2026/09/30
J'ai rassemblé tous ces morceaux de moi,french,,2023,Céleste_Le_Du,3,France,,,student-film ; dnmade-cournon ; on-paper ; journal,https://www.youtube.com/watch?v=v4xsRm7W6V0,youtube,/database/filmsimg/jairassembletouscesmorceaux.png,2026/09/30
Je me gratte,french,Self Scratch,2020,Chenghua_Yang,9,France,,"Trying to keep together all the little beings that are fragments of yourself. Overwhelming states of shapeshifting through contradictory perceptions of the inner and the outer self. Feeling, not feeling, falling apart and finally reassembling and reconciling all the little beings into one loving self again.",celluloïd,https://vimeo.com/926252508,vimeo,https://www.oushinet.com/image/2021-09-01/882691727973298176.jpg,2026/09/30
Jeux-Pluriels,french,Plural Games,2009,Nicolai_Troshinsky,5,France,,"Featuring the voice of french cinema legend Luc Moullet and the music of mechanical instrument builder and composer Pierre Bastien, Jeux Pluriels (Plural Games) is a short documentary film about Luigi Finisera, an outsider board-game inventor.",student-film ; la-poudriere ; documentary ; stop-motion,https://vimeo.com/178328300,vimeo,https://www.troshinsky.com/assets/images/jeux02-640x364.jpg,2026/09/30
Jiro Visits the Dentist,english,,2013,Gina_Kamentsky,1,US,,Jiro has a dream about the artist formerly known as Prince and visits the dentist with his friend the lighthouse=phone man. There is sushi along the way.,35mm ; analog,https://vimeo.com/84479140?fl=pl&fe=sh,vimeo,https://ginakamentsky.com/wp-content/uploads/2014/08/Jiro_screenshot01.jpg,2026/09/30
Journal d'une accumulatrice,french,,2020,Céleste_Vidal-Ayrinhac,7,France,,"Et si nous n'étions que nos accumulations et collections d'objets, comment nous raconterions-nous ?

Ce journal, réalisé en 3 mois à raison d'un épisode par semaine, tente de suivre les événements de la vie d'une accumulatrice.",student-film ; ensad ; documentary ; journal,https://vimeo.com/387154680?share=copy&fl=cl&fe=ci,vimeo,"https://static.wixstatic.com/media/57d891_199500401d6945d19a66bdc2f82b4200~mv2.png/v1/fill/w_1022,h_572,al_c,q_90,usm_0.66_1.00_0.01,enc_avif,quality_auto/vlcsnap-2020-02-06-18h12m32s325.png",2026/09/30
L'araignéléphant,french,,1967,Piotr_Kamler,9,France ; Poland,,"The Spider-Elephant is, in a way, humanity: a strange being moving through an abstract landscape of lines, points, and colored planes. It has the annoying habit of avoiding obstacles that hinder its inexorable march, or of coping with them in a rather stupid way.",multiplane,https://www.youtube.com/watch?v=fYv97DxP6nU,youtube,https://images.mubicdn.net/images/film/90870/cache-45466-1745490871/image-w1280.jpg,2026/09/30
L'homme qui plantait des arbres,french,,1987,Frédéric_Back,30,Canada,,,on-paper ;,https://youtu.be/n5RmEWp-Lsk?is=3_dVUBK06DlOUA9D,youtube,https://media.senscritique.com/media/000017328331/0/l_homme_qui_plantait_des_arbres.jpg,2026/09/30
L'ondée,,Rains,2008,David_Coquard-Dassault,8,Canada ; France,80036,"A sudden rainstorm is unleashed on a city. Everyone seeks refuge. When the clouds thin out, life continues.",,https://www.youtube.com/watch?v=IdIIMVlEBEA,youtube,https://encrypted-tbn0.gstatic.com/images?q=tbn:ANd9GcSOndAR7Wya8neDqZviWhri2vtRD-qMQjI0mm022s4T1MPn6nEaps1bcHE&s=10,2026/09/30
La confiture de papillons,french,Butterfly jam ,2021,Shih-Yen_Huang,7,France ; Taïwan,,A girl talk about her relationship with her dad trough various pets he never knew how to take care of.,,,youtube,https://encrypted-tbn0.gstatic.com/images?q=tbn:ANd9GcQ_n2TU2pl8q_FlDK62DONpXRNevuSOjpBIDAN-Dd4mvUOS2n5javUTvQ66&s=10,2026/09/30
La Maison des résidus,french,,2023,Noah_Jachez,3,France,,"Les différents plans et relevés topographiques du site d’enfouissement de déchets nucléaires du WIPP, entre 2030 et l'an 10 000.",student-film ; dnmade-cournon,https://vimeo.com/798667495?share=copy&fl=cl&fe=ci,vimeo,https://i.vimeocdn.com/video/1688240500-61866bc4e526eda1914658624ded06147d4a53490dbdbca1fa04c93c7a6cd8ac-d_1280?region=us_1280,2026/09/30
Là où la terre devient du sable,french,,2024,Mila_Bisbrouck,16,Belgium,,"One day Elizabeth began to think. A lot. She had never thought so much in her memory. She had to leave, say goodbye to her brother, get out of this room, go beyond the black hills, with Mama in a little box.",on-paper ; economy-animation,https://www.youtube.com/watch?v=vqbeRycfca4,youtube,https://encrypted-tbn0.gstatic.com/images?q=tbn:ANd9GcSxR8uSQEIqZthTSYQH1lw1lkK-6zG27X-d7P65DP82SFAfFVnMwt5qtfM&s=10,2026/09/30
La Précision du Hasard,french,,2024,Inès_Kling,2,France,,,student-film ; dnmade-cournon ; on-paper ; monotype,https://vimeo.com/922887768?fl=pl&fe=sh,vimeo,/database/filmsimg/laprecision.png,2026/09/30
La Reine et la Statue,french,,2025,Mathilde_Oudit,12,Belgium,,"On a volcanic planet, a queen, having lost her beloved king, resurrects by mistake the statue of the king lying on the tomb. An impossible love story begins between the queen and the statue.",cut-out ; student-film ; la-cambre,https://www.youtube.com/watch?v=rgKtQmoK8O4,youtube,https://encrypted-tbn0.gstatic.com/images?q=tbn:ANd9GcSwDJW6GHsmAKA3_lSf4XUmKM3-6QO1UJTbuZDHKmbgOw&s=10,2026/09/30
La Rue,french,The Street,1976,Caroline_Leaf,10,Canada,,"This film deals with a Jewish family in Montreal, Canada as they care for a dying grandmother and the young boy who is impatient to get the room he was promised as soon as she kicks the bucket.",,https://youtu.be/ed1RzYqgwqM?si=GkBSNtMbdk8haGLF,youtube,https://encrypted-tbn0.gstatic.com/images?q=tbn:ANd9GcS-_X1VVi2NxcT5HTZhlkkmsLWaxpohoYpt7yjA2J4R_703vP3wlfR_fL8&s=10,2026/09/30
La saison pourpre,french,,2023,Clémence_Bouchereau,9,France,,"On the edge of a mangrove, a group of girls lives in rhythm with the climate and the surrounding wild geese. They observe each other living and growing up at different ages. Time passes, tensions arise, and rivalries take root.",pinscreen,https://www.youtube.com/watch?v=ktgICeio98I,youtube,https://www.semainedelacritique.com/uploads/news/image_big_be068a1b55fcd838442729173da87518.jpg,2026/09/30
"La Sole, entre l’eau et le sable",french,,2011,Angèle_Chiodo,15,France,,La sole est asymétrique. Une équipe de chercheurs a récemment tenté d'expliquer cette énigme de l'Évolution...,documentary ; student-film ; ensad,www.dailymotion.com/video/xyv4m8,dailymotion,https://transmettrelecinema.com/wp-content/uploads/2018/01/sole-entre-l-eau-et-le-sable-la.jpg,2026/09/30
Lazarski Bouenents,,,2021,Mihaela_Mîndru,1,France,,"Painted stop motion animation based on traditional eastern european decorative elements. Music: ""Lazarski Bouenents"" (The Lazarus Girls Dance The Boueneck) by Bulgarian State Television Female Choir.",student-film ; ensad ; animated-paint,https://vimeo.com/522897410?fl=pl&fe=sh,vimeo,/database/filmsimg/lazarski.png,2026/09/30
Le chandail,french,The Sweater,1980,Sheldon_Cohen,10,Canada,,"In this animated short, Roch Carrier recounts the most mortifying moment of his childhood. At a time when all his friends worshipped Maurice ""Rocket"" Richard and wore his number 9 Canadiens hockey jersey, the boy was mistakenly sent a Toronto Maple Leafs jersey from Eaton's. Unable to convince his mother to send it back, he must face his friends wearing the colours of the opposing team. This short film, based on the book The Hockey Sweater, is an NFB classic that appeals to hockey lovers of all ages.",,https://www.youtube.com/watch?v=shyFWU8pCjs,youtube,https://s2.qwant.com/thumbr/474x266/d/c/ec03a70ac7923acacdc353c45c5f2fa5b9bd3f6ffad96cb99336b742560a38/OIP.TPw-cKIm2j4ustqI_O6soAHaEK.jpg?u=https%3A%2F%2Ftse.mm.bing.net%2Fth%2Fid%2FOIP.TPw-cKIm2j4ustqI_O6soAHaEK%3Fpid%3DApi&q=0&b=1&p=0&a=0,2026/09/30
Le marcheur,french,The walker,2017,Frederic_Hainaut,11,Belgium,,"Le marcheur travaille dans une usine aviaire. Un jour, il sature et pète les plombs. Par hasard, il trouve refuge parmi un groupe d'indignés en marche...",,https://vimeo.com/333945534?fl=pl&fe=sh,vimeo,https://www.cinergie.be/images/film/_m/marcheur-le/le-marcheur-5.jpg,2026/09/30
Le songe de Sainte Ursule,french,,2026,Céleste_Le_Du,1,France,,,,https://youtu.be/8CZoq2Xg1DI?si=Cl55QO1yN5Q-g5eE,youtube,/database/filmsimg/lesonge.png,2026/09/30
Mailles,french,,2012,Vaiana_Gauthier,4,France,,"In a house, a woman remembers her past. Knitting will allow her to say goodbye.",student-film ; emca,https://www.youtube.com/watch?v=lnqiYDr7I44,youtube,https://www.premiersplans.org/storage/medias/archives/photos_films/2013/mailles.jpg,2026/09/30
Mais où est donc Ornicar ?,french,Where's Ornicar ?,2023,Oscar_Maso_y_Guell_Rivet,5,France,1139919,"In a world devoid of it's inhabitants, one person is left still trying to live like before",student-film ; dnmade-cournon ; loops ; digital,https://vimeo.com/902699105,vimeo,https://i.ytimg.com/vi/amPZIfF1fF0/maxresdefault.jpg,2026/09/30
Marina - Baychimo Kin,english,,2013,Vaiana_Gauthier,3,New_Zealand,,,clip ; on-paper,https://vimeo.com/85228078,vimeo,https://scontent-cdg4-2.xx.fbcdn.net/v/t39.30808-6/471191698_891705449793580_2689389655939471832_n.jpg?stp=dst-jpg_tt6&cstp=mx1920x1080&ctp=s960x960&_nc_cat=101&ccb=1-7&_nc_sid=cc71e4&_nc_ohc=veSQlX_3PNsQ7kNvwFfcO1f&_nc_oc=AdpbYy7DHa9nu52Vy-JhVuIkiCVVIbz6fOe4yHLnahXr28qRj7iMmN5Gy03lQzS3KTlt_77sC82WjJUQ5UcZLBTF&_nc_zt=23&_nc_ht=scontent-cdg4-2.xx&_nc_gid=151xjTy9sZJrCysZe4NHZg&_nc_ss=78289&oh=00_AQJOppPhWgEUcQa8iReRaxgFqSmsUIqqyyhVofJbh7et1w&oe=6AB8AE5D,2026/09/30
Mary : Through Glass,english,,2023,Wyatt_Carson,7,UK,,"Faced with boredom in the confinement of a one-bedroom apartment, a curious cat explores the fast life of the city as an attempt to break the dreary reality of a daily routine.",animated-paint,https://www.youtube.com/watch?v=0U3nci81-IA,youtube,https://i.ytimg.com/vi/0U3nci81-IA/hqdefault.jpg,2026/09/30
Mishmish - i-sef u-sef,english,,2022,Henry_McClellan,1,Australia,,,clip ; loops,https://vimeo.com/698574514?share=copy&fl=cl&fe=ci,vimeo,https://i.vimeocdn.com/video/1444304486-5c352ab60ab5e9b7c2acce1c741d041a74d158b87fc6b4d1ca23f1551e5e8b98-d_1280?region=us_1280,2026/09/30
Montagne - Jardino,french,,2025,Inès_Kling,2,France,,,student-film ; ensad ; animated-paint ; paint-on-glass ; multiplane,https://vimeo.com/1050302495,vimeo,/database/filmsimg/montagne.png,2026/09/30
Moonbird,english,,1959,John_Hubley,10,US,,Two boys go outside at night to capture a bird.,,https://youtu.be/mVclzlQ2lwY?si=Uw-Sf6Q7O2tGYeyS,youtube,https://i.ytimg.com/vi/mVclzlQ2lwY/hqdefault.jpg,2026/09/30
Mr.Mr. Welcomes You Home,english,,2024,Exyl,9,US,,An empty room of banal bureaucratic horror - what does it take to get home?,on-paper ; geometric,https://vimeo.com/927392162/6b42e76897?fl=pl&fe=sh,vimeo,https://freight.cargo.site/w/1500/q/75/i/W2454934608347318977183909077056/Mr.Mr.-Still-3.png,2026/09/30
NON !,french,,2018,Louis_Fourel,3,France,,,student-film ; dnmade-cournon ; on-paper,https://vimeo.com/278000240?fl=pl&fe=sh,vimeo,https://medias.3dvf.com/news/sitegrab/non.jpg,2026/09/30
Nuisibles,french,Pests,2022,Juliette_Laboria,7,France,,"In the summer heat, the wasps are busy devouring beautiful, ripe, and sweet fruit. But this fruit soon attracts other visitors who take mischievous delight in appropriating the garden's precious bounty. A war is brewing: on one side, a group of children; on the other, an army of wasps. Each has their weapon. May the best one win.",student-film ; ensad ; on-paper,https://youtu.be/HUWW6EXfvN0,youtube,https://encrypted-tbn0.gstatic.com/images?q=tbn:ANd9GcRjzyqJ_B274CsEmvWDviZoUKmHCSqMO_0-M_tJ2fQf1j7iUnZ01PcXLFE&s=10,2026/09/30
Old Fangs,english,,2009,Maya_Merigeau ; Allan_Holly,12,Ireland,128962,"A young wolf decides to confront his father, who he has not seen since he was a child.",,https://youtu.be/-sa0JxvjKLQ?si=beIBW2qWCg8jF0ba,youtube,https://i.ytimg.com/vi/-sa0JxvjKLQ/maxresdefault.jpg,2026/09/30
On Hannah Fields,english,,2024,Lewis_Heriz,3,UK,1555271,"A patch of land in Derby, UK, is adopted by an ex-NHS Psychiatric Nurse and transformed by a cyclical system of recovery. A poetic portrait of a place, the people who support it, and that it supports.",documentary ; analog ; mixed-media,https://vimeo.com/1003533440,vimeo,https://i.vimeocdn.com/video/1925804562-3c1332606673423bba793379e4c45a03e2d9966a614114d3785ead3176f512df-d?f=webp&region=us,2026/09/30
"One day, In the room, You and Me",english,,2023,Jiali_Tan,4,China,,"One day, two similar people in a room lived together peacefully, but gradually, everything began to shift, everything began to split apart.",digital,https://vimeo.com/986672668,vimeo,https://i.vimeocdn.com/video/1902248167-4b74e00b56cd451e4d28f705954fdbe4262ce8d389211757da363ac39fab3567-d_1280?region=us_1280,2026/09/30
One two three four,english,,2022,Yasmine_Aarts,2,Nederland,,a person getting stuck in a loop while experiencing an anxiety attack in a waiting room.,on-paper,https://vimeo.com/808477810,vimeo,https://i.vimeocdn.com/video/1633052467-c1a59375f9a09fc0b8f202de158f656c48b95dae4d5f4e41609c0d0d7171da5b-d_1280?region=us_1280,2026/09/30
Orgesticulanismus,french,,2008,Mathieu_Labaye,9,Belgium,,"« C’est par le mouvement qu’on s’approprie sa propre vie. Par la liberté d’aller, de venir, d’avoir des gestes d’amour, de colère, peu importe. Quand on est privé de mouvement comme je le suis, si on veut survivre, il faut ré-inventer le mouvement autrement. » - Benoît Labaye",,https://vimeo.com/76129556?fl=pl&fe=vl,vimeo,https://i.ytimg.com/vi/Izxb19RAH0Y/maxresdefault.jpg,2026/09/30
Paysage d'une lutte,french,,2024,Arthur_Martin,3,France,,"Faced with external aggression, vegetation slowly withers and dies. But nature does not suffer without reacting.",student-film ; dnmade-cournon ; on-paper ; gouache ; ink,https://www.youtube.com/watch?v=WycwPSam1Sw,youtube,https://www.forumdesimages.fr/sites/default/files/styles/large_x650/public/2024-11/Paysage%20d%27une%20lutte%20%28c%29%20DNMADE%20Lyc%C3%A9e%20Ren%C3%A9%20Descartes-1280.jpg?itok=bqrvi-MB,2026/09/30
Pear Garden,english,,2024,Shadab_Shayegan,7,Germany,,"Six-year-old Lily visits her grandmother, who has had a mastectomy and now misses her breasts. When Lily finds out that her grandmother’s shadow still has both breasts, she is prepared to do anything to get them back.",digital ; student-film ; filmakademie-baden-württemberg,https://vimeo.com/1199455261,vimeo,https://katalog.ag-kurzfilm.de/storage/Film/4112/w1600-SRgwTFaeZ1VfKRO9PN1gSG3xGBBj3sgx3d4YzxGv.png,2026/09/30
Pépé le morse ,french,,2017,Lucrèce_Andreae,15,France,,"On the dark, windy beach, Grandma prays, Mom screams, the sisters couldn't care less, and Lucas is alone. Grandpa was a strange guy; now he’s dead.",digital,https://youtu.be/Va02SLnBGOk,youtube,https://encrypted-tbn0.gstatic.com/images?q=tbn:ANd9GcRb2G_mBnu40JV3WSq6NeIYMkd3QqsiGIqbD09t8sSbVouYmmZ8CIioaLYR&s=10,2026/09/30
Ramouli,french,,2017,Yann_Lebot,5,France,,"a hand, an ex girlfriend, a math teacher, a plant….and Ramouli.",student-film ; emca,https://vimeo.com/279807311,vimeo,https://medias.unifrance.org/medias/13/49/209165/format_hd/ramouli.jpg,2026/09/30
Rue-Meurt,french,,2023,Oscar_Maso_y_Guell_Rivet,1,France,,,stop-motion ; on-paper,https://vimeo.com/895325476?fl=pl&fe=sh,vimeo,/database/filmsimg/ruemeurt.png,2026/09/30
Salient,english,,2023,Yasmine_Aarts,2,Nederland,,"exploring an abstract visual concept of remembering, ‘salient’ features permanent marker and ink animation that uncovers and connects memories previously faded into obscurity.",student-film ; hku ; on-paper,https://www.youtube.com/watch?v=Cze27HB1DfA,youtube,https://img.youtube.com/vi/Cze27HB1DfA/maxresdefault.jpg,2026/09/30
Save me,english,,1994,Stuart_Hilton,6,UK,,"A mixed media experimental animated film that generates a fragmented view of the world through the partial disclosure of a fantastic event. Day-to-day mystical, trivial and important activity is represented using reoccurring symbolic triggers, both visual and aural.",on-paper ;,https://www.youtube.com/watch?v=hX2PY2vy-4Q,youtube,https://static.fabrik.io/15if/ad4a9778829ec6ff.jpg?lossless=1&w=1280&h=1280&fit=max&s=1030e2fa452083b4320dc462599b6084,2026/09/30
Se Planter,french,,2021,Céleste_Vidal-Ayrinhac,11,France,,"Se planter, c'est un projet spontané entre une maison d'enfants à caractère social et mes études en cinéma d'animation. 
C'est un récit qui a poussé entre les cadres. Entre un jeu de cartes et un pédiluve. Entre une télé et un papillon. Entre une grande tante et sa petite nièce... Les histoires s'élargissent et l'imprévu mûrit.
Prenez, pour commencer, quelques boutures d'espoir.
(...)",student-film ; ensad ; documentary,https://www.youtube.com/watch?v=fl3sJXHpQYU,youtube,"https://static.wixstatic.com/media/57d891_41ba460b711e4513a0c45720750aff9b~mv2.jpg/v1/fill/w_973,h_592,al_c,q_85,usm_0.66_1.00_0.01,enc_auto/57d891_41ba460b711e4513a0c45720750aff9b~mv2.jpg",2026/09/30
Silo,english,,2017,Gina_Kamentsky,2,US,,A journey around an abandoned grain silo outside the animators studio.,70mm ; analog ; collage,https://vimeo.com/241945234?fl=pl&fe=sh,vimeo,https://ginakamentsky.com/wp-content/uploads/2018/08/silo_still05-1200x600.jpg,2026/09/30
Silver Spur,english,,2024,Séraphin-LmdB,1,France,,,student-film ; ensad ; clip,https://youtu.be/SxNW5ys7qR0?si=mIjgCsAI5vqQHFCx,youtube,/database/filmsimg/silverspur.png,2026/09/30
Sorochka - The Lazy Jesus,,,2025,Kseniia_Moskvitina,2,France,,"An animated journey into the world of Ukrainian embroidery, where traditional patterns come to life and transform in a dance of symbols. Created using the cut-out animation technique, the film follows a small paper character as it interacts with the ornaments, exploring their meaning and rhythm.",student-film ; ensad ; clip ; paper-cut,https://youtu.be/gMHHD80wiq0?si=hmdRbrDqRvyy5jnA,youtube,/database/filmsimg/sorochka.png,2026/09/30
Sous l'été,french,,2025,Inès_Kling,1,Taïwan,,,student-film ; animated-paint ; paint-on-glass ; multiplane,https://vimeo.com/1199692155,vimeo,/database/filmsimg/souslete.png,2026/09/30
Spank Shot,english,,2017,Gina_Kamentsky,1,US,,"While waiting for a spanking, I watched hockey.",70mm ; analog,https://vimeo.com/185733491?fl=pl&fe=sh,vimeo,https://ginakamentsky.com/wp-content/uploads/2016/01/spankShot_stillSquare-768x768.jpg,2026/09/30
Stunting Cunts,english,,2019,Gina_Kamentsky,2,US,,"Go ahead and torture yourself, if that’s what you want.",analog,https://vimeo.com/378881652,vimeo,https://ginakamentsky.com/wp-content/uploads/2021/09/stuntingImage02-1200x600.jpg,2026/09/30
Sun Zoom Spark,english,,2019,Gina_Kamentsky,2,US,,"“Magnet draw day from dark. Sun zoom spark. Sun zoom spark”, Captain Beefheart.",70mm ; analog,https://vimeo.com/260944099?fl=pl&fe=sh,vimeo,https://ginakamentsky.com/wp-content/uploads/2018/08/SunZoonSpark_still11-1200x600.jpg,2026/09/30
Sweat,english,,2021,Exyl,2,US,,A dance of light and skin.,,https://vimeo.com/556216384?fl=pl&fe=sh,vimeo,https://freight.cargo.site/w/1500/q/75/i/E2454945906000386688377667641408/Sweat_Still-4.jpg,2026/09/30
Tabula Rasa,,,2024,Raphaël_Roth,3,France,,,student-film ; ensad ; on-paper ; ink,https://vimeo.com/954408088?fl=pl&fe=sh,vimeo,/database/filmsimg/tabularasa.png,2026/09/30
Tango,,,1981,Zbigniew_Rybczyński,8,Poland,,"The film depicts an initially empty room. A ball bounces in through the window, and a boy enters to retrieve it and leaves. This series of actions repeats over and over, gradually accompanied by more and more repeating paths of different people through the room. The film ends with the people eventually leaving the room and the boy throws the ball through the window one last time, landing near an old woman lying down. She then gets up, picks up the ball and walks out the door near her, leaving the room completely empty again just like at the beginning.",,https://www.youtube.com/watch?v=z27z7oLQb3o,youtube,https://www.agatfilms-exnihilo.com/app/uploads/2020/07/tango_rybczynski_v1.jpg,2026/09/30
The Galaxy,english,Galaxia,1973,Sabin_Bălașa,7,Romania,,,,https://www.youtube.com/watch?v=9CEsoEfzKfI&list=RD9CEsoEfzKfI&start_radio=1,youtube,https://m.media-amazon.com/images/M/MV5BNjYxMWFmMjEtZjRiNy00YmFhLTllZjMtYzRmNzY3NmM1YWE4XkEyXkFqcGc@._V1_.jpg,2026/09/30
The Kid Who Drowned at Summer Camp,english,,2018,Marianna_Hersko,3,US,,,student-film ; calarts ; on-paper ; black&white,https://vimeo.com/245474330?fl=pl&fe=ti,vimeo,https://i.vimeocdn.com/video/671110271-2c41c2cc454a61c4ebc25fb97aebf722b20eddd33ee3afab31f225c950ad4498-d_640x360?&r=pad&region=us,2026/09/30
The Metamorphosis of Mr. Samsa,english,,1977,Caroline_Leaf,10,Canada,,"An animated adaptation of Franz Kafka’s acclaimed novella, “The Metamorphosis,” made from carving images into sand with glass.",,https://youtu.be/0foZRl-xlTk?si=HneJojCxSTETIKNH,youtube,https://encrypted-tbn0.gstatic.com/images?q=tbn:ANd9GcT9aSLprGTgGXOXNe_7P7VY3T-tkQTuQdDy21nGYLEBWHMadzR0ST4nnq9k&s=10,2026/09/30
The Miracle,english,,2023,Nienke_Deutz,15,Belgium ; Netherlands ; France,,"The Miracle, a place where the sun is always out, food is plentiful and the opportunities to relax are endless. But how do you find your place in a place where you are constantly confronted with what you don’t have?",,https://www.youtube.com/watch?v=Q-uvi9HVIZ0,youtube,https://www.animationmagazine.net/wordpress/wp-content/uploads/The-Miracle-featured-jpg.webp,2026/09/30
The Owl Who Married a Goose,english,,1974,Caroline_Leaf,8,Canada,,"In this short animation based on an Inuit legend, a goose captures the fancy of an owl, a weakness for which he will pay dearly. The sound effects and voices are Inuktitut, but the animation leaves no doubt as to the unfolding action. A story with the wry humor characteristic of many Inuit tales.",,https://youtu.be/tXX_8pwt2Q4?si=INYuU441BGPYzdza,youtube,https://www.animatematerials.org/wp-content/uploads/2025/08/FilmStill_The-Owl-Who-Married-a-Goose_01.png,2026/09/30
The Tender Game,english,,1958,Faith_Hubley ; John_Hubley,5,US,,"Inspired by the song Tenderly Jack Lawrence and Walter Gross, a tender animation on a florist and a sweeper that she falls madly in love.",celluloïd,https://www.youtube.com/watch?v=SaITR0YGmgE,youtube,https://encrypted-tbn0.gstatic.com/images?q=tbn:ANd9GcQiBBeXO6cGvzT3ZrvM-8lzYA98NDZis9B3xyakJoq5F8advfudwg0iu_A&s=10,2026/09/30
Through the Windows,english,,2014,Miyo_Sato,3,Japan,,"The gaze of a woman from a window to windows leads to a recollection of the various scenes. The metamorphosed windows transfer, expand, reflect, conserve, and sometimes shine like a lighthouse.",student-film ; geidai ; animated-paint ; multiplane,https://vimeo.com/152233368,vimeo,https://i.vimeocdn.com/video/555098871-2cdfe35c8cffac4644343403b219c9e4e9f7aadf062411e71e75c40b74902184-d_890?region=us,2026/09/30
Topic I et II,english,,1989,Pascal_Baes,12,,,"Long exposure work, frame by frame, in the streets of Prague. “East” atmosphere of confinement and self-censorship, foreboding and deleterious.",pixillation,https://vimeo.com/8497063,vimeo,https://www.cinedoc.org/fichiers/oeuvre/photo/BPtop.jpg,2026/09/30
Tracheal Shave,english,,2016,Gina_Kamentsky,1,US,,Think of a small dot in space. Experimental animated film; ink and paint on found 35mm movie trailers.,35mm ; analog,https://vimeo.com/152420533?fl=pl&fe=vl,vimeo,https://ginakamentsky.com/wp-content/uploads/2016/01/squareStill.jpg,2026/09/30
Trauma Chameleon,english,,2019,Gina_Kamentsky,3,US,,An escaped laboratory rat navigates through a sea of punctuation.,analog,https://vimeo.com/322836219?fl=pl&fe=vl,vimeo,https://ginakamentsky.com/wp-content/uploads/2019/12/Trauma_Chameleon_630.jpg,2026/09/30
Un soir d'ennui,french,,2020,Louis_Fourel,2,France,,,documentary ; student-film ; ensad ; on-paper,https://vimeo.com/483201879,vimeo,https://i.vimeocdn.com/video/1040857066-77e4a1daf67110ba95a78d71b350435dd5a8924f4b4744eaaba3b65585c2b72a-d_1280x720?region=us,2026/09/30
Une mission éphémère,french,An Ephemeral Mission,1993,Piotr_Kamler,9,France,,"Against a backdrop of sky, a white sphere appears, seeming to explore the universe in which it evolves. Then it stops and unfolds. A character emerges from it and brings the matter to life. He organizes and stores all the information he collects, under some cubes. Finally, the character and the cubes enter the sphere, which then closes and takes off to infinity.",stop-motion,https://www.youtube.com/watch?v=me5UUK37Vc4,youtube,https://assets.mubicdn.net/images/film/23480/image-w1280.jpg?1745490780,2026/09/30
Vechnost,russian,Eternity,2018,Anastasia_Melikhova,3,Russia,625680,"Abstractions transform into nature, creating a new world. ",,https://vimeo.com/328184815,vimeo,https://i.vimeocdn.com/video/772660947-bf88049832d5243fa43de010eebc1c528f3294a3fbb6ab0961d0a9921326644e-d?f=webp,2026/09/30
What you do to me - lokki,english,,2023,Mathieu_Larone ; Henry_McClellan,3,Australia,,,clip ; loops,https://vimeo.com/839396053,vimeo,https://i.ytimg.com/vi/MYkCdsD2NhU/sddefault.jpg,2026/09/30
Windy Day,english,,1968,Faith_Hubley ; John_Hubley,9,US,,"Two little girls muse on marriage and babies, love and death as they create and act out plays in their backyard. Preserved by the Academy Film Archive in partnership with New York Women in Film & Television in 2006.",documentary,https://youtu.be/4O8VE4qB8-s?si=HKzMo8NANenZD9eH,youtube,"https://substackcdn.com/image/fetch/$s_!qbd_!,f_auto,q_auto:good,fl_progressive:steep/https%3A%2F%2Fsubstack-post-media.s3.amazonaws.com%2Fpublic%2Fimages%2Fc5576e9e-75ee-40b5-b540-b2dc18776dbd_1438x915.png",2026/09/30
Ёжик в тумане,russian,Hedgehog in the Fog,1975,Iouri_Norstein,10,Russia,,"The Hedgehog goes to visit his friend the Bear Cub to drink tea with raspberry jam and count the stars. The road along which the Hedgehog moves passes through deserted fields and forest thickets. The Hedgehog spots an impressive white horse in the evening fog and approaches. Within the fog, the world is mysterious and outlandish images appear before the Hedgehog.",multiplane,https://www.youtube.com/watch?v=ZAVc3ltoKSk,youtube,"https://substackcdn.com/image/fetch/$s_!sBLv!,f_auto,q_auto:good,fl_progressive:steep/https%3A%2F%2Fbucketeer-e05bbc84-baa3-437e-9518-adb32be77984.s3.amazonaws.com%2Fpublic%2Fimages%2F7b3246a5-bff4-41f3-94bf-6039cf0b7a9b_1438x688.png",2026/09/30
Митина любовь,russian,Mitya's Love,2018,Svetlana_Filippova,14,Russia,,"A film based on Boris Shergin’s story “Mitya’s Love.” Mitya, a shipbuilder, walked to a theater in Solombala from Arkhangelsk. Along the way, he ran into a wind. Near him a girl, Maria Ivanovna, flew Mitya helped her fly to the theater and fell in love with her. They were able to confess their feelings for one another, but Maria Ivanovna then disappeared. What is Mitya to do? He decided to go around the whole city to find her. In the film, images by avant-garde Russian artists Mikhail Larionov and Natalia Goncharova and naïve artists Pavel Leonov and Lyubov Maikova are used.",,https://www.youtube.com/watch?v=-ak8X3hsEss,youtube,https://www.premiersplans.org/storage/medias/archives/photos_films/2019/NEF_mitya-s-love_1.jpg,2026/09/30
Начало света,russian,Beggining of the Light,2020,Anastasia_Melikhova,6,Russia,790860,"Animated film based on the tale of the creation of the sun and moon. The world is immersed in twilight, there is no light or shadow in it. The twins, brother and sister, grow a tree, and one day the first leaf appears on it.",digital,https://vimeo.com/680102664,vimeo,https://encrypted-tbn0.gstatic.com/images?q=tbn:ANd9GcTd4bsluAORHBtpEMeIGmUx796NrDFb-q6ZbqHl11Dh2g&s=10,2026/09/30
Первый гром,russian,The First Thunder,2018,Anastasia_Melikhova,5,Russia,573830,"A musical fantasy about the awakening of nature from hibernation, about the release of a hero from his “little world” into a world full of beauty and adventure.",,https://vimeo.com/320209870,vimeo,https://i.vimeocdn.com/video/614235571-99ae7bbdfbd0cf627cf265d115bb827a17ea5edd5c20aa7dc0039837201d193a-d?f=webp&region=us,2026/09/30
カケラ,japanese,Fragments,2016,Naoyuki_Tsuji,8,Japan,493151,This work is based on Chapter One of Hans Christian Andersen’s The Snow Queen.The original text depicts a disaster brought about tools and technology.There is a connection between this theme and nuclear power plant accident that occurred in Japan in 2011. I attempted to create a new form of animation film through an interleaving depiction of the original story and a real accident.,on-paper ; black&white ; traces,vimeo.com/176175617,vimeo,https://encrypted-tbn0.gstatic.com/images?q=tbn:ANd9GcTQfofoKyydiZRLLMIJmIw2SFI-QekC1OQCcgMeOoatXJtNvSGW7WEd_spr&s=10,2026/09/30
きつね憑き,japanese,Fox Fears,2015,Miyo_Sato,8,Japan,,"In the evening of a village festival, a young boy named Bunroku goes to the festival with his friend and visits a clog shop on the way. There he learns an old superstition about the fox.",animated-paint ; paint-on-glass ; sand,https://youtu.be/7H7keDhNujc?si=dWxfZr0gJ5CVio4l,youtube,https://i.ytimg.com/vi/VvZUcIpCsaw/maxresdefault.jpg,2026/09/30
ヨウ ズイカン,japanese,Goodbye Waves,2025,Ruihan_Yang,8,Japan ; China,1548175,"By the seaside, a woman waits for a man.",on-paper ; digital ; student-film ; tama-art-university,https://www.youtube.com/watch?v=ijGo7oiN_8g,youtube,https://assets.mubicdn.net/images/film/459911/image-w856.jpg?1763331692,2026/09/30
三角 芳子,japanese,Googuri Googuri,2010,Yoshiko_Misumi,8,Japan,,"This is a story of a girl's imagination.""Googuri Googuri"" A made up word, a secret word shared by a girl and her grandfather. For the granddaughter, her grandfather is at times like a mountain, at other times like a tree, at other times like an ocean;a warm and comfortable place. So that, her thoughts take wing into her imagination endlessly. People are made to imagine. The things we have seen, the smells we have smelled, our thoughts, and everything we have experienced extending and expanding within the infinite inside ourselves. It is the only reality",student-film ; geidai,https://www.youtube.com/watch?v=P_OiCVGSpAI&list=RDP_OiCVGSpAI&start_radio=1,youtube,https://films-pour-enfants.com/films-pour-enfants/voir-film-enfant-relation-familiale.jpg,2026/09/30
小孩,chinese,How small !,2021,Charlene_Xu,7,China ; US,,"A young woman reminisces her deceased grandmother, whose volatile personality troubled and confused her as a child. ",,https://vimeo.com/737031772?fl=pl&fe=sh,vimeo,https://encrypted-tbn0.gstatic.com/images?q=tbn:ANd9GcTtlkNV1l7WHp-lfz9mIkZIc0jV3RT_0Kannl4dh5PjKfJNGIyzdUZCvvT6&s=10,2026/09/30
無花果,japanese,Fig,2006,Koji_Yamamura,5,Japan,,"The Tokyo Tower and the window transform themselves into the characters, and roam in the night of Tokyo",,https://www.youtube.com/watch?v=d0lwMyV-7Qc&list=PL2bvWt6e_ehNbv_9YcZ0RXt0fnW-lhmY-&index=12,youtube,https://encrypted-tbn0.gstatic.com/images?q=tbn:ANd9GcQ1WSlCUl_nYXKm6RF4JrMLv87AiBSX5t9LjHwQ6hGNPU4ECGD3OZGim4C-&s=10,2026/09/30
花ともぐら,japanese,The Flower and the Mole,1970,Tadanari_Okamoto,15,Japan,,"The Robot Moles is an adorable story about flowers, moles, dumb scientists and a little girl.",stop-motion,https://www.youtube.com/watch?v=o6-tW1EbZso,youtube,https://assets.st-note.com/img/1769959157-dAHR6sVBGicNtKoEp2CnqIjT.jpg?width=2000&height=2000&fit=bounds&quality=85,2026/09/30
黒いロングスカートの女,japanese,Black Long Skirt,2010,Hoji_Tsuchiya,9,Japan,,Black Long Skirt is a story of a man who encounters lingering visions and memories of a woman in a rainy afternoon.,on-paper,https://www.bilibili.com/video/BV1eQ4y1U7uu/,bilibili,https://64.media.tumblr.com/eca35a81a2599a99972b2a8965a0ea7c/tumblr_inline_qu09a8qxib1tr012u_500.jpg,2026/09/30
Pour ne pas oublier l'invisible,,,2024,Madeleine_Angst,3,France,,,student-film ; estienne ; on-paper ; journal,https://youtu.be/GHRMOsJB-8Q?si=ZHkw77b7H_h3V4yj,youtube,https://img.youtube.com/vi/GHRMOsJB-8Q/maxresdefault.jpg,2026/09/30
I can't breathe,english,,2019,Zehong_Zhu,3,China ; UK,,A short documentary about a tradition from western of nepal,paint-on-glass ; multiplane ; student-film ; RCA,https://vimeo.com/310217768,vimeo,https://payload.cargocollective.com/1/24/784579/13896512/prt_250x187_1561589515_2x.png,2026/09/30
わからないブタ,japanese,In a pig's eye,2010,Atsushi_Wada,10,Japan,,,student-film ; geidai,https://vimeo.com/137441625,vimeo,https://images-film-documentaire.fr/film/AD1/B3D09045BC5D4741B3E3E8D9A3728AD1.jpg,2026/09/30
Bird in the Peninsula,english,,2020,Atsushi_Wada,16,Japan,,Children are dancing on the music under the supervision of their teacher. A young lady witnesses the scene and disrupts their rituals.,digital ,https://www.youtube.com/watch?v=1WyFp2ZM5iI,youtube,https://www.cnc.fr/documents/36995/151749/Photo-%28A%29-BIRD-IN-THE-PENINSULA-Bird-.jpg/f0ea73a5-758f-ebad-8ecb-786fe2beb5a0?t=1674637294628,2026/09/30
Aja - Hikari,,,2022,Martin_Robic ; Louis_Fourel,4,France,,,digital ; clip,https://www.youtube.com/watch?v=1dqbgMi9eUo&list=RD1dqbgMi9eUo&start_radio=1,youtube,https://i.ytimg.com/vi/1dqbgMi9eUo/maxresdefault.jpg,2026/09/30
離風藍蘭,mandarin,Bluebird in the wind,2024,Ellis_Ka-yin_Chan,5,China ; Spain,,"In a dream-like landscape, a girl journeys through her past and present in search of her own Bluebird. Is she pursuing a mere shadow, or is this Bluebird already there to be seen?",digital,https://www.youtube.com/watch?v=qQMrOYHfUsI,youtube,https://filmfreeway-production-storage-01-connector.filmfreeway.com/press_kits/trailer_stills/002/529/770/thumb/trailer_still21c4d886.0000001.jpg?1710954009,2026/09/30
Toutes Portes Ouvertes,french,Chair Cemetery,2024,Alicia_Lévy,4,France,,"Confusion settles in the house, how to make it a home again ?",student-film ; dnmade-cournon ; on-paper ; black&white ,https://vimeo.com/1197690986,vimeo,https://medias.unifrance.org/medias/130/127/294786/format_page/toutes-portes-ouvertes.png,2026/09/30
Intervalle,french,,2023,Alicia_Lévy,4,France,,,analog,https://vimeo.com/796960892,vimeo,https://i.vimeocdn.com/video/1606035529-61ddd39f83786fe29be37725ba11ed8c56494b85f7fcd5319bbb44932d361b60-d_1280?region=us_1280,2026/09/30
Sans queue ni tête,french,Without head nor tail,2001,Sandra_Desmazieres,7,France,,A nonsense day.,on-paper ; animated-paint ; student-film ; ensad,https://vimeo.com/49618456,vimeo,https://blogger.googleusercontent.com/img/b/R29vZ2xl/AVvXsEiR9ORTPFTi-PMwqvDSkjRTUqtk4CG-KGy7Kr7Ds-HwICrN5ufOrJ1UpL4I4XQqEFVeVYgOBTbpdivrk9XqmaSTVp-eXZVSxaHBxo_cbigtbxGaIYsWU4kRkfk5TqjqiaZ5FWNcF6_9imI-/s1600/desmazieres.jpg,2026/09/30
TingE - You have been on my mind,english,,2021,Shi-Rou_Huang,4,Taïwan,,,clip ; on-paper ; pastel,https://vimeo.com/600018796,vimeo,https://i.vimeocdn.com/video/1235711927-eba5bcfa516e26f107558ad78db0a18a44584b89543b5235afb1bb2ff9ae1d0c-d_1280?region=us_1280,2026/09/30
Miserable miracle,french,,2023,Ryo_Orikasa,8,France ; Canda ; Japan,,"Inspired by Henri Michaux’s poems and drawings regarding his experience with mescaline, *Misérable Miracle* explores the limits of language and perception, creating correspondences between sound, meaning, line, and movement.",on-paper,https://youtu.be/ViN5EuI5Kwg?si=OFJ2T1hjSF7QPgwI,youtube,https://nefanimation.fr/wp-content/uploads/2018/12/PROJET-Miserablemiracle-Orikasa.jpg,2026/09/30
La Piccola Russia,italian,,2004,Giuanluigi_Toccafondo,16,Italy,,,animated-paint ; photography,https://vimeo.com/383755785,vimeo,https://images.mubicdn.net/images/film/113238/cache-89895-1745491831/image-w1280.jpg?size=800x,2026/09/30
Pinocchio,italian,,1999,Giuanluigi_Toccafondo,6,Italy,,,animated-paint ; photography,https://vimeo.com/235527477,vimeo,https://images.mubicdn.net/images/film/149819/cache-126746-1745492648/image-w1280.jpg?size=800x,2026/09/30
Le premier qui vit un chameau,french,,2015,Jean-Baptist_Peltier,5,France,,"The french poem, 'The first who saw the humpbacked camel', is here recited as an incantation to recall memories of a place. We travel through these recollections with sound and imperfect images.",monotype ; student-film ; ensad,https://vimeo.com/199320372,vimeo,https://i.vimeocdn.com/video/612539426-28eea95e26c30ee87dd84097bbeb3b5c9bf9ea194029e6ab6039067a98685251-d?f=webp&region=us,2026/09/30
Naples,french,,2017,Emilie_Mereghetti,4,France,,Artists interviews from Napoli.,on-paper ; student-film ; ensad,https://vimeo.com/218522362,vimeo,https://i.vimeocdn.com/video/636024431-ddc6e08b0cac931e7284232b5813d0fc8cf0fddb54677e99df8ebb33bc2e1b9c-d_1280?region=us_1280,2026/09/30
Writtings fly away,english,,2011,Ryo_Orikasa,13,Japan,,,on-paper ; student-film ; geidai,https://vimeo.com/141488175,vimeo,https://www.animatematerials.org/wp-content/uploads/2025/06/writingsflyaway_filmstill_01.png,2026/09/30
La Veuve Caillou,french,,2011,Agnès_Patron,8,France,,Crackling sounds in the mountains. Widow Caillou is chopping wood—it is all she has left. Unless she goes to join those who sleep in the depths of her memory.,paint-on-glass ; student-film ; ensad,https://vimeo.com/31298578,vimeo,https://medias.unifrance.org/medias/62/15/69438/format_hd/la-veuve-caillou.jpg,2026/09/30
Météores,french,,2023,Agnès_Patron ; Morgane_Lepechon,5,France,,,clip ; paint-on-glass,https://vimeo.com/802774405,vimeo,https://www.lextracourt.com/fichier/e_film/5313/meteores_le_pe_chon_patron_v1.jpg?ocms-download,2026/09/30
"Chulyen, histoire de corbeau",french,,2019,Agnès_Patron ; Cerise_Lopez,20,France,,"Chulyen is strong, Chulyen is handsome. Chulyen is weak, Chulyen is ugly. Chulyen is the crow spirit, and three shamans are chasing after him.",,https://vimeo.com/319002669,vimeo,https://nefanimation.fr/wp-content/uploads/2017/02/PROJET-chulyen-lopez-patron.jpg,2026/09/30
If you hear me crying - Cindy Lee,english,,2024,Phil_Osborne,4,US,,,clip ; celluloid,https://www.youtube.com/watch?v=0OMRfM8VxiE,youtube,https://townsquare.media/site/833/files/2024/09/attachment-CL-VID.jpg?w=780&q=75,2026/09/30
La Ride partie 2 - Duke Mobb,french,,2025,Edern_Van_Hille,3,France,,,clip ; 3D ; digital,https://www.youtube.com/watch?v=PJDexDDFLtQ,youtube,https://i.ytimg.com/vi/PJDexDDFLtQ/maxresdefault.jpg,2026/09/30
Goodbye Rabbit Hop Hop,english,,2013,Caleb_Wood,4,Japan,,"A mind in the city looks inwards, and escapes into the rabbit’s domain.",on-paper ; loops,https://vimeo.com/83107957,vimeo,https://2.bp.blogspot.com/-9UA1YO0OSgk/Usy_5r0x3TI/AAAAAAAAAoM/uvDxEgOGfRw/s1600/K800_gg.JPG,2026/09/30
We were halfway out of town when I forgot my suit,english,,2025,Barney_Ogden,4,UK,,"Made by hand with ink pens, a flatbed scanner, and stacks of newsprint, this short uses scrawling animation to unspool a hallucinatory narrative from the mundane act of forgetting a suit. Its inventive sense of movement evokes the rhythm of navigating a city, blending a scrappy, DIY approach with meticulous composition.",on-paper ; mixed-media ; collage ; video,https://www.youtube.com/watch?v=317HlTElqnQ,youtube,/database/filmsimg/wewerehalfway.png,2026/09/30
Chien taxi,french,,2025,Marius_Narvalo,2,France,,,digital ; black&white ; line,https://www.youtube.com/watch?v=pNYCfyAQRdM,youtube,https://img.youtube.com/vi/pNYCfyAQRdM/maxresdefault.jpg,2026/09/30
Marées,french,,2024,Judith_Poillot,3,France,,,student-film ; ensad ; sand ; black&white,https://vimeo.com/945449730?fl=pl&fe=sh,vimeo,/database/filmsimg/marees.png,2026/09/30
"Kona, the future - Love it (feat. Dopein)",english,,2018,Zhong_Xian,3,Taïwan,,"an animation music video for Korean artist Kona, the future.
the music video is basically talking about the story of Lisa and Rose when they've met at a party.",clip ; on-paper ; pastel,https://vimeo.com/288694524,vimeo,https://m.itsnicethat.com/original_images/5be2d1ea7fa44c8da4002763.jpg,2026/09/30
Space,english,,2020,Zhong_Xian,3,Taïwan,,Space is a romantic film about personal space in a relationship.,on-paper,https://vimeo.com/685117723,vimeo,https://elemmental.com/wp-content/uploads/2022/03/Space-cp.jpg,2026/09/30
Echoes,english,,2024,Robinson_Drossos,7,France,,"Echoes is a contemplative adventure into the depths of a noisy world. Strange places take shape in the glow of a torchlight, and the sound of water droplets on the ground punctuates our footsteps. In the distance, we hear muffled music, where does it come from?",on-paper ; pencil ; charcoal,https://vimeo.com/1201448990,vimeo,https://tse2.mm.bing.net/th/id/OIP.kxIjEPol9PSb0aWzuPNBBQHaEA?r=0&pid=Api&h=220&P=0,2026/09/30
Lullaby,english,,2025,Louis_Fourel,5,France,,,3D ; felt ; digital ; clip,https://www.youtube.com/watch?v=2Ij2gwZ6gYM,youtube,https://vurchel.com/img/films/_th600/%D0%A1%D0%BD%D0%B8%D0%BC%D0%BE%D0%BA_%D1%8D%D0%BA%D1%80%D0%B0%D0%BD%D0%B0_2026-03-15_%D0%B2_14.55.37.png,2026/09/30
Metal Breakdown ,french,,2026,Mathis_Nguyen,2,France,,"Freshly dumped at a party, Mai, an angsty bitter young woman, decides to take out her frustration through kicks and blazing guitar riffs. 
",digital ; mixed-media ; autoproduced,https://m.youtube.com/watch?v=yPUFprf1aWE&ra=m,youtube,https://img.youtube.com/vi/yPUFprf1aWE/maxresdefault.jpg,
D'amour et d'eau douce,french,On love and freshwater,2026,ordinateur_viande,1,France,1785165,Two friends are discussing the unique sensory abilities of the catfish. One of them then wonders what their eyes would say if they could talk…,on-paper ; mixed-media ; pastel,https://youtu.be/T0Oxd3IPX04,youtube,https://img.youtube.com/vi/T0Oxd3IPX04/maxresdefault.jpg,
Hacerse a la mar,french,,2023,ordinateur_viande,3,France,1414198,"While a narrator discusses the subject of forgiveness in religion, an anonymous character seeks to break free from the sweater that restricts them.",mixed-media ; video ; digital,https://youtu.be/1WMTyT4lC_Q,youtube,https://img.youtube.com/vi/1WMTyT4lC_Q/maxresdefault.jpg,
Feeling My Way,english,,1997,Jonathan_Hodgson,6,UK,,"A journey from home to work as seen through the filter of the conscious and subconscious mind. Through the use of moving collages and painterly animation combined with live-action footage, the viewer is able to share the traveller's experiences and his mental reactions to the trials and triviality of urban experience.",collage ; video ; animated-paint ; mixed-media,https://vimeo.com/32255983,vimeo,https://i.vimeocdn.com/video/2134856843-3112834015e782db06f76dbad4ec038dd1609b1ec6216d689216a0071eac7646-d_960?region=us_1280,
Bwinky's Little Big World of Love,english,,2025,Stacia_Black,3,France,,A little alien finds a big love.. but a looming peril threatens their magical connection.,student-film ; digital,https://www.youtube.com/watch?v=OJ_zovteeoo,youtube,https://i.ytimg.com/vi/OJ_zovteeoo/maxresdefault.jpg,
En haut à gauche,french,,2022,"Mathis_Hernoë;
Romain_Verlinde;
Caroline_Coantic;
Sikam",5,France,,Flavien has to choose which coffee he wants in the presence of his coworkers.,mixed-media ; 3D,https://vimeo.com/773490046?share=copy&fl=cl&fe=ci,vimeo,"https://static.wixstatic.com/media/88bee6_b3799b0c88664828a20bb66725f7b607~mv2.png/v1/fit/w_945,h_733,q_90,enc_avif,quality_auto/88bee6_b3799b0c88664828a20bb66725f7b607~mv2.webp",
BreemZ,french,,2024,KickSama,14,France,,"A pioneer of hip-hop, BreemZ remains a phenomenon to this day:
15 years after its release, his one and only single is still topping the charts!
Living a life of luxury, his world is turned upside down when the president is kidnapped. His captor demands to see him, with a very specific request.",digital,https://www.youtube.com/watch?v=Rk_wxr-3v6U,youtube,https://i.ytimg.com/vi/Rk_wxr-3v6U/hqdefault.jpg,
ALL THE PEOPLE (4) Ding dong !,french,,2026,Sworaremi,6,France,,"Josselin s'apprête à livrer sa dernière commande de la journée, sauf qu’à minuit, c’est anniversaire ! Malheureusement, la livraison prend plus de temps que prévu… Va-t-il arriver à temps à sa fête d'anniversaire ?",digital,https://youtu.be/LMNEzUvhbMU?si=txawJqHEihyATJVy,youtube,https://i.ytimg.com/vi/LMNEzUvhbMU/hq720.jpg?sqp=-oaymwEnCNAFEJQDSFryq4qpAxkIARUAAIhCGAHYAQHiAQoIGBACGAY4AUAB&rs=AOn4CLARmZw6I8CnVaQccxGFFdyoCU0gGw,
La Mousson,french,,2022,Emilie_AHOUANTO; Enorah_LE DALLIC; Barberine_MARZAT; Alix_RIGNAULT; Lou_RIVIERE ,5,France,,"Atif, 17 ans, part règler des comptes avec deux amis. Il se perd dans une mousson. ",student-film ; digital ; ECV,https://www.youtube.com/watch?v=X2hbL-bPXO8,youtube,https://image.noelshack.com/fichiers/2026/40/3/1790767055-lamousson.jpg,
The Black Dog's Progress,english,,2008,Stephen_Irwin,3,United Kingdom,,"A tragic, darkly animated and powerful journey through the life of one dog as he travels from abusive home to even worse.",on-paper ; black&white ; loops,https://youtu.be/qUn1TrjMm3s?si=og94V4ZLYWYvIqC0,youtube,https://img.youtube.com/vi/qUn1TrjMm3s/hqdefault.jpg,
Erghad Afewo,touareg,,2026,Axel_Gigoix,3,France,,"The desert is ablaze. Only the enemy is left there now, With the orphaned child And the rotting carcasses of the herds. Men have double crossed the people. Traded them in for food and provisions. They lie to us, then come to see us In the company of our enemies.",clip ; digital,https://youtu.be/Snu2cGohYC4?si=JKfnLk5hp9ChDps9,youtube,https://i.ytimg.com/vi/Snu2cGohYC4/maxresdefault.jpg,
Vermeil Miel & Sel,french,,2020,"Adele_Lefevre;
Lucas_Bascans",7,France,,,digital,https://www.youtube.com/watch?v=I3elbRGk1Lg,youtube,https://i.ytimg.com/an_webp/I3elbRGk1Lg/mqdefault_6s.webp?du=3000&sqp=CLjt89UG&rs=AOn4CLCPGN4I757d0Fu9b0JiYl1i-pJFRw,
How to Give Yourself a Name,english,,2024,MallBat,3,United-States,,,mixed-media ; digital ; 3D,https://www.youtube.com/watch?v=eoq2e4h_avs,youtube,https://i.ytimg.com/vi/eoq2e4h_avs/maxresdefault.jpg,
Comment Mado est devenue Madeleine,,,2026,Helene_Jouffe,4,France,,Mado has chosen to leave her birthday party while it's in full swing. She retraces the course of the evening to find the breaking point that drove her to go.,student-film ; digital,https://www.youtube.com/watch?v=KRkRx_9xMtg,youtube,https://medias.unifrance.org/medias/42/219/318250/format_page/comment-mado-est-devenu-madeleine.jpg,
Parade,french,,2009,Pierre-Emmanuel_Lyet,8,France,915760,Un personnage veut se libérer de son imaginaire pour séduire une femme.,digital ; geometric,https://www.youtube.com/watch?v=3iwVyoWdtu4,youtube,https://images.mubicdn.net/images/film/297208/cache-653744-1745498196/image-w1280.jpg?size=800x,
Moving Parts,english,,2024,Hugo_Docking,3,England,1267845,"In a surreal, industrial dystopia, a travelling salesman encounters a singing behemoth. This towering, two-headed monstrosity tempts him with a terrifying (but lucrative) proposition.",stop-motion,https://www.youtube.com/watch?v=IareOABsNxc&list=PL9or0HY52cco3LgiyT6BJHHw_5vYG-mgy&index=27,youtube,https://media.themoviedb.org/t/p/w1066_and_h600_face/vP6EDLQUPs55yG8I8PSWQOtHo0c.jpg,
The Birth of the Robot,english,,1936,Len_Lye,6,England,203089,"This experiment was a “prestige advertisement” for Shell Motor Oil. As conventional animation became dominated by Walt Disney, many European filmmakers turned to puppets as an alternative, and Lye enlisted the help of avant-garde friends such as Humphrey Jennings and John Banting to make the amusing puppets. Exploring the still-complex color process, which involved the combination of three separate images, Lye creates such a vivid storm scene that reviewers hailed it as “proof that the color film has entered a new stage.” The music is Holst’s The Planets. - Harvard Film Archive",stop-motion,https://youtu.be/NWXa7-SocS0?si=lOkAU3-ipjY6poZK,youtube,"https://www.cinematheque.fr/cache/media/programmation/films/the-birth-of-the-robot-len-lye/s,910-d069c4.jpg",
Manga,english,,1977,Yoji_Kuri,7,Japan,,A darkly humorous animated short featuring surreal vignettes that critique human nature and society.,celluloïd,https://www.youtube.com/watch?v=iNV6apzN0AU&list=PL9or0HY52cco3LgiyT6BJHHw_5vYG-mgy&index=81,youtube,https://m.media-amazon.com/images/M/MV5BNTJmMTc3NGMtNTJmZC00ODk2LWJjYjQtYzM5MzEzZjY0Y2E3XkEyXkFqcGc@._V1_QL75_UX437_.jpg,
Pasărea Phoenix,romanian,The Phoenix Bird,1968,Sabin_Balasa,6,Romania,936677,,animated-paint ; paint-on-glass,https://www.youtube.com/watch?v=PWXL7EdC9MM&list=PL9or0HY52cco3LgiyT6BJHHw_5vYG-mgy&index=82,youtube,https://media.themoviedb.org/t/p/w1066_and_h600_face/6dcGkNQUjbLD4KDLjYdcwMaSu0Z.jpg,
00:08,japanese,,2014,Yutaro_Kubo,5,Japan,389412,"This piece takes 8 seconds, and creates intervals between the frames, and then makes them bigger. It's about expansion and enlargement, not the passage of time. 8 seconds becomes that much more luxuriant.",on-paper ; loops ; ink,https://www.youtube.com/watch?v=VcPGyvciRz0&list=PL9or0HY52cco3LgiyT6BJHHw_5vYG-mgy&index=85,youtube,https://media.themoviedb.org/t/p/w1066_and_h600_face/yUEKuisC01TvpkshOm87bB1JUFN.jpg,
Playground,english,,2010,Mirai_Mizue,4,France,,"Creatures transform their own shapes innocently just as in a child's play. Tearing apart and uniting, this play continues endlessly.",on-paper ; geometric,https://www.youtube.com/watch?v=9IWm-Suw2f8&list=PL9or0HY52cco3LgiyT6BJHHw_5vYG-mgy&index=86,youtube,https://i.ytimg.com/vi/DYPmftmOLxo/maxresdefault.jpg,
Chirico,japanese,,2008,Keiichi_Tanaami,4,Japan,369434,A wordless short homage to the maestro of pittura metafisica.,on-paper ; loops,https://www.youtube.com/watch?v=bp1cbfHz4bs&list=PL9or0HY52cco3LgiyT6BJHHw_5vYG-mgy&index=88,youtube,https://i.ytimg.com/vi/bp1cbfHz4bs/mqdefault.jpg,
パルサー,japanese,PULSAR,1990,Katsushi_Bowda,4,Japan,435662,Stop motion animation using gypsum.,stop-motion ; loops,https://www.youtube.com/watch?v=7T1llQSMj-o&list=PL9or0HY52cco3LgiyT6BJHHw_5vYG-mgy&index=91,youtube,https://stopmotionmagazine.com/wp-content/uploads/2025/11/PULSAR-10.png,
Malice in Wonderland,english,,1982,Vince_Collins,4,England,68638,"A jet-propelled white rabbit flies through the vulva of a supine woman into a wonderland where people and objects turn inside out, changing shapes and identities at warp speed. Events roughly follow Lewis Carroll's ""Alice in Wonderland."" The caterpillar and the queen make appearances, as does Alice. Images and symbols are often sexual. At the end, Alice asks, ""Who has had such a curious dream?""",,https://www.youtube.com/watch?v=RQ8Zh6AHNVg&list=PL9or0HY52cco3LgiyT6BJHHw_5vYG-mgy&index=102,youtube,https://encrypted-tbn0.gstatic.com/images?q=tbn:ANd9GcT4lF8Xoq16tTXqKAN7fzRgjwcIzcgog7EJ6-EYgl0CZLVDU-Fjw9dP9Vw&s=10,
How wings are attached to the backs of angels,english,,1996,Craig_Welch,11,Canada,181845,"Black and white drawings blended with photographic images depict an old man, with various tiny gadgets, trying to find the anatomy of the wings of an angel.",multiplane ; cut-out ; black&white ; photography,https://www.youtube.com/watch?v=NRHVzbJVx8I&list=PL9or0HY52cco3LgiyT6BJHHw_5vYG-mgy&index=109,youtube,https://assets.nfbcdn.ca/medias/norman/thumbs_xlarge/2016/How-Wings-Are-Attached-to-the-Backs-of-Angels_35106_XL_eeFW2oI.jpg?w=1024&h=,
Crazy for It,english,,2013,Yutaro_Kubo,3,Japan,438465,Everyone has impulse which happen suddenly in their life.,student-film ; on-paper ; ink,https://www.youtube.com/watch?v=wVemakxszg0&list=PL9or0HY52cco3LgiyT6BJHHw_5vYG-mgy&index=112,youtube,https://media.themoviedb.org/t/p/w1066_and_h600_face/5OKHVBwicE6lYykBFMWe4QRAwsf.jpg,
Le Merle,french,,1958,Norman_McLaren,5,Canada,162755,"To the tune of a classic French-Canadian nonsense song, surreal blackbird made of lines loses body parts and gets them back threefold.",clip ; cut-out ; geometric ; multiplane,https://www.youtube.com/watch?v=oTBzP6oaRQc&list=PL9or0HY52cco3LgiyT6BJHHw_5vYG-mgy&index=113,youtube,https://media.themoviedb.org/t/p/w1066_and_h600_face/mScpxIU8UKPD1NI683tmSKEaVOX.jpg,
Bird Calls,english,,2025,Lucas_Boisard,3,France,1628452,"In a dark apartment, a raspy voice recounts the tormented lives of jazz musicians, lost between their dreams of the stage and their destructive excesses. A saxophonist appears, haunted by his art, clutching his instrument like a last refuge. In a desperate dance, he gives in to the call of the heroine, searching for a moment of respite.",student-film ; digital,https://www.youtube.com/watch?v=_Kek1g5WZBU&list=PL9or0HY52cco3LgiyT6BJHHw_5vYG-mgy&index=123,youtube,https://media.themoviedb.org/t/p/w1066_and_h600_face/rlo9JgnGP1vs9WMyiCnmssaWyrV.jpg,
Autolyse,french,,2026,Sebastian_Meges,3,France,1710007,Une promenade en terres désertiques fait remonter des bribes de souvenirs qui auraient peut-être dû rester enfouis...,student-film ; mixed-media ; cut-out ; black&white ; loops ; monotype ; linocut ; dnmade-cournon,https://www.youtube.com/watch?v=dH0o3AKVb4A&list=PL9or0HY52ccrGMFOPAhCdaKR4ybyMxkrV&index=4,youtube,https://img.youtube.com/vi/dH0o3AKVb4A/maxresdefault.jpg,
heaven on earth (angels kill angels kill),english,,2025,stickerpodz,3,United-States,,,student-film ; stop-motion ; digital ; mixed-media ; calarts,https://www.youtube.com/watch?v=9cWDdyFcIgs&list=PL9or0HY52cco3LgiyT6BJHHw_5vYG-mgy&index=106,youtube,https://img.youtube.com/vi/9cWDdyFcIgs/maxresdefault.jpg,